Participant Name,Team Name,Participant Type,Participant Phone Number,Participant Email
Zara Grewal,A culque,Leader,1163093259,zaragrewal@example.com
Samiha Amble,A natus,Leader,918066106332,samihaamble@example.com
Aaryahi Gara,Ab eius,Leader,9207423064,aaryahigara@example.com
Krish Madan,Ab eius,Member,4823927726,krishmadan@example.com
Shlok Varughese,Ab eius,Member,2196306734,shlokvarughese@example.com
Ritvik Kaur,Ab quasi,Leader,3940885478,ritvikkaur@example.com
Drishyajohal,Ab quasi,Member,NA,drishyajohal@example.com
Riaan Bala,Ad a,Leader,4935175496,riaanbala@example.com
Fatehsama,Ad a,Member,NA,fatehsama@example.com
Trisha Keer,Ad eum,Leader,9717954864,trishakeer@example.com
Drishyadixit,Ad eum,Member,NA,drishyadixit@example.com
Adviktrivedi,Ad eum,Member,NA,adviktrivedi@example.com
Anya Gola,Adipisci accusamus,Leader,9077133972,anyagola@example.com
Ahanadixit,Adipisci accusamus,Member,NA,ahanadixit@example.com
Nakul Som,Adipisci eos,Leader,3720111394,nakulsom@example.com
Yuvaanlanka,Adipisci eos,Member,NA,yuvaanlanka@example.com
Zain Karan,Aliquam,Leader,94401773,zainkaran@example.com
Adahmalhotra,Aliquam,Member,NA,adahmalhotra@example.com
Advika Singh,Aliquid,Leader,918196499626,advikasingh@example.com
Zaravasa,Aliquid,Member,NA,zaravasa@example.com
Aarnachokshi,Aliquid,Member,NA,aarnachokshi@example.com
Krish Ganesh,Aliquid maiores,Leader,5241954524,krishganesh@example.com
Yuvaan Sundaram,Amet doloribus,Leader,916430691289,yuvaansundaram@example.com
Tiyadhillon,Amet doloribus,Member,NA,tiyadhillon@example.com
Vidur Mandal,Amet incidunt,Leader,5713506290,vidurmandal@example.com
Ritvik Amble,Amet incidunt,Member,9963146026,ritvikamble@example.com
Ishaan Mani,Amet incidunt,Member,3100323094,ishaanmani@example.com
Ela Warrior,Animi,Leader,7550287369,elawarrior@example.com
Lakshitcomar,Animi,Member,NA,lakshitcomar@example.com
Shalv Chakraborty,Aperiam eaque,Leader,6839250990,shalvchakraborty@example.com
Yuvraj  Handa,Architecto,Leader,915749868321,yuvrajhanda@example.com
Prerak Sant,Architecto neque,Leader,6732270572,preraksant@example.com
Siyajayaraman,Architecto neque,Member,NA,siyajayaraman@example.com
Lavanya Hayre,Aspernatur consectetur,Leader,911508404903,lavanyahayre@example.com
Nehmatsagar,Aspernatur consectetur,Member,NA,nehmatsagar@example.com
Zeeshan Dalal,Aspernatur eaque,Leader,5618613191,zeeshandalal@example.com
Stuvan Solanki,Aspernatur eaque,Member,4340497264,stuvansolanki@example.com
Kabir Bakshi,Aspernatur eaque,Member,914724113859,kabirbakshi@example.com
Samar Mandal,Aspernatur harum,Leader,3558241866,samarmandal@example.com
Akarsh Din,Atque,Leader,6904501084,akarshdin@example.com
Sakshamdate,Atque,Member,NA,sakshamdate@example.com
Suhana Brahmbhatt,Aut,Leader,3486613428,suhanabrahmbhatt@example.com
Hunar Kothari,Aut minima,Leader,7606541224,hunarkothari@example.com
Pranay Yogi,Autem,Leader,914611162072,pranayyogi@example.com
Jiya Srivastava,Autem blanditiis,Leader,2139726853,jiyasrivastava@example.com
Vivaankuruvilla,Autem blanditiis,Member,NA,vivaankuruvilla@example.com
Kanavd’Alia,Autem blanditiis,Member,NA,kanavd’alia@example.com
Saira Tara,Beatae,Leader,4990115864,sairatara@example.com
Nehmatravi,Beatae,Member,NA,nehmatravi@example.com
Ahana  Mahajan,Blanditiis eligendi,Leader,916530970730,ahanamahajan@example.com
Alia Bandi,Consequatur,Leader,1066507907,aliabandi@example.com
Saira Sharma,Consequuntur corporis,Leader,918518779124,sairasharma@example.com
Amira Sidhu,Consequuntur corporis,Member,917097859778,amirasidhu@example.com
Nehmat Sawhney,Consequuntur incidunt,Leader,917474056852,nehmatsawhney@example.com
Parinaazdugar,Consequuntur incidunt,Member,NA,parinaazdugar@example.com
Amanikar,Consequuntur incidunt,Member,NA,amanikar@example.com
Umang Ramaswamy,Corporis,Leader,7254844198,umangramaswamy@example.com
Dhanukbhagat,Corporis,Member,NA,dhanukbhagat@example.com
Nitarabrahmbhatt,Corporis,Member,NA,nitarabrahmbhatt@example.com
Rhea Reddy,Cul dignissimos,Leader,910111625776,rheareddy@example.com
Vedika Swamy,Culpa eos,Leader,5272516645,vedikaswamy@example.com
Sara Bhat,Culpa eveniet,Leader,1778474883,sarabhat@example.com
Anyaranganathan,Culpa eveniet,Member,NA,anyaranganathan@example.com
Inaayamammen,Culpa eveniet,Member,NA,inaayamammen@example.com
Aaryahi Sule,Culque deserunt,Leader,5396756934,aaryahisule@example.com
Nitya Koshy,Culque facere,Leader,1171986717,nityakoshy@example.com
Tarakota,Culque facere,Member,NA,tarakota@example.com
Ivana Baria,Cupiditate accusamus,Leader,7951352026,ivanabaria@example.com
Rasha Aggarwal,Cupiditate distinctio,Leader,3955266262,rashaaggarwal@example.com
Lakshitaggarwal,Cupiditate distinctio,Member,NA,lakshitaggarwal@example.com
Indrajit Desai,Deserunt,Leader,915719983932,indrajitdesai@example.com
Zoya Swaminathan,Dicta,Leader,917418534301,zoyaswaminathan@example.com
Zoya Bassi,Dicta quaerat,Leader,913188983610,zoyabassi@example.com
Arhaan Tandon,Dignissimos amet,Leader,65557455,arhaantandon@example.com
Arhaan Bose,Dignissimos amet,Member,4507988808,arhaanbose@example.com
Raghav Raju,Distinctio asperiores,Leader,911966210587,raghavraju@example.com
Zeeshan Shetty,Distinctio fugit,Leader,9450753210,zeeshanshetty@example.com
Gokul Master,Distinctio necessitatibus,Leader,949544467,gokulmaster@example.com
Vritikakamdar,Distinctio necessitatibus,Member,NA,vritikakamdar@example.com
Reneevarkey,Distinctio necessitatibus,Member,NA,reneevarkey@example.com
Shayak Chanda,Doloremque nostrum,Leader,3059126052,shayakchanda@example.com
Bhavin Bala,Doloremque ut,Leader,5921133674,bhavinbala@example.com
Ayesha Barman,Doloremque voluptas,Leader,5976726424,ayeshabarman@example.com
Emir Vyas,Dolores dolores,Leader,6324050813,emirvyas@example.com
Dhanukkorpal,Dolores dolores,Member,NA,dhanukkorpal@example.com
Ojaskale,Dolores dolores,Member,NA,ojaskale@example.com
Shayak Baria,Dolores eum,Leader,5707628016,shayakbaria@example.com
Sahil Subramaniam,Doloribus,Leader,916396796032,sahilsubramaniam@example.com
Krish Bose,Doloribus,Member,2949001007,krishbose@example.com
Tanya Trivedi,Doloribus,Member,3559235557,tanyatrivedi@example.com
Jivika Barad,Dolorum,Leader,5043802453,jivikabarad@example.com
Aradhyahanda,Dolorum,Member,NA,aradhyahanda@example.com
Alialuthra,Dolorum,Member,NA,alialuthra@example.com
Lagan Doctor,Dolorum beatae,Leader,6790467347,lagandoctor@example.com
Anaysarin,Dolorum beatae,Member,NA,anaysarin@example.com
Romilrege,Dolorum beatae,Member,NA,romilrege@example.com
Jayant Shan,Ducimus fugit,Leader,915274595604,jayantshan@example.com
Zaina Rout,Ducimus inventore,Leader,3343807270,zainarout@example.com
Vaibhav Gara,Ea,Leader,3484475187,vaibhavgara@example.com
Aaravtoor,Ea,Member,NA,aaravtoor@example.com
Tara Ramachandran,Ea illum,Leader,5194068516,tararamachandran@example.com
Ojasagrawal,Ea illum,Member,NA,ojasagrawal@example.com
Ahana  Venkatesh,Ea mollitia,Leader,5384753072,ahanavenkatesh@example.com
Mohanlal Bhandari,Ea possimus,Leader,5415737328,mohanlalbhandari@example.com
Neelofar D’Alia,Eaque eligendi,Leader,917150559050,neelofardalia@example.com
Samihakakar,Eaque eligendi,Member,NA,samihakakar@example.com
Kartikthaman,Eaque eligendi,Member,NA,kartikthaman@example.com
Ahana  Kalita,Eaque molestiae,Leader,2896483698,ahanakalita@example.com
Heer Lanka,Eaque similique,Leader,85011221,heerlanka@example.com
Mannat Ratta,Eligendi,Leader,8223359188,mannatratta@example.com
Tushar Krish,Eligendi enim,Leader,914793975094,tusharkrish@example.com
Jivikabhat,Eligendi enim,Member,NA,jivikabhat@example.com
Kartik Khatri,Enim sequi,Leader,916765567574,kartikkhatri@example.com
Indranil Shroff,Error,Leader,6258093746,indranilshroff@example.com
Indranschaudhary,Error,Member,NA,indranschaudhary@example.com
Diya Dada,Error ad,Leader,1735351614,diyadada@example.com
Rheabora,Error ad,Member,NA,rheabora@example.com
Seher Wali,Error perspiciatis,Leader,919120827482,seherwali@example.com
Priyansh Bail,Esse tenetur,Leader,114642090,priyanshbail@example.com
Ranbir Tata,Est unde,Leader,7819401491,ranbirtata@example.com
Nakul Swaminathan,Et,Leader,2825376360,nakulswaminathan@example.com
Purabedwin,Et,Member,NA,purabedwin@example.com
Amira Gade,Et libero,Leader,913221779533,amiragade@example.com
Yuvraj  Mahal,Eum corrupti,Leader,4538934671,yuvrajmahal@example.com
Jayeshverma,Eum corrupti,Member,NA,jayeshverma@example.com
Anaya Karpe,Eum voluptate,Leader,9770233127,anayakarpe@example.com
Siyachakrabarti,Eum voluptate,Member,NA,siyachakrabarti@example.com
Uthkarsh Chhabra,Eveniet ipsa,Leader,912706700399,uthkarshchhabra@example.com
Dhanukagarwal,Eveniet ipsa,Member,NA,dhanukagarwal@example.com
Anahi Varghese,Ex sapiente,Leader,912336154745,anahivarghese@example.com
Tanya Apte,Exercitationem,Leader,912042445120,tanyaapte@example.com
Ira Borde,Exercitationem accusamus,Leader,8879823635,iraborde@example.com
Hansh Bali,Facere,Leader,722214485,hanshbali@example.com
Tanya Rout,Facilis,Leader,4133189216,tanyarout@example.com
Keyagoswami,Facilis,Member,NA,keyagoswami@example.com
Mahika Kadakia,Facilis facilis,Leader,917889878038,mahikakadakia@example.com
Oorja Vasa,Fuga inventore,Leader,6874221424,oorjavasa@example.com
Zainabail,Fuga inventore,Member,NA,zainabail@example.com
Prerakbatta,Fuga inventore,Member,NA,prerakbatta@example.com
Anahita Ramachandran,Fuga voluptas,Leader,912412274229,anahitaramachandran@example.com
Rhea Srinivas,Fugiat dignissimos,Leader,878999037,rheasrinivas@example.com
Anay D’Alia,Fugit,Leader,215064612,anaydalia@example.com
Ayesha Sood,Fugit quam,Leader,3027610142,ayeshasood@example.com
Anaya Ratti,Harum corrupti,Leader,919080297730,anayaratti@example.com
Sanamajumdar,Harum corrupti,Member,NA,sanamajumdar@example.com
Aniruddhbava,Harum corrupti,Member,NA,aniruddhbava@example.com
Neelofar Shan,Hic minima,Leader,6875628284,neelofarshan@example.com
Amiramangal,Hic minima,Member,NA,amiramangal@example.com
Urvibhargava,Hic minima,Member,NA,urvibhargava@example.com
Nirvi Goswami,Hic nulla,Leader,908778388,nirvigoswami@example.com
Amira Deo,Id,Leader,914122039484,amiradeo@example.com
Ahanahora,Id,Member,NA,ahanahora@example.com
Indranilchatterjee,Id,Member,NA,indranilchatterjee@example.com
Myra Soman,Id necessitatibus,Leader,764975337,myrasoman@example.com
Divij Dalal,Illo culpa,Leader,8057582205,divijdalal@example.com
Ahana  Gokhale,Illo impedit,Leader,5318661231,ahanagokhale@example.com
Aarush Arora,Illum aliquam,Leader,5374205510,aarusharora@example.com
Yasminvarty,Illum aliquam,Member,NA,yasminvarty@example.com
Hrishita Jani,Illum necessitatibus,Leader,910836705358,hrishitajani@example.com
Stuvangupta,Illum necessitatibus,Member,NA,stuvangupta@example.com
Romilrama,Illum necessitatibus,Member,NA,romilrama@example.com
Dhanuk Hayer,Impedit aliquam,Leader,911974186460,dhanukhayer@example.com
Divyansh Venkataraman,Impedit nobis,Leader,912619396215,divyanshvenkataraman@example.com
Divijbhatt,Impedit nobis,Member,NA,divijbhatt@example.com
Hazelchatterjee,Impedit nobis,Member,NA,hazelchatterjee@example.com
Tushar Ganguly,In eveniet,Leader,4953441391,tusharganguly@example.com
Mishti Mall,Incidunt,Leader,913470163634,mishtimall@example.com
Ojaschauhan,Incidunt,Member,NA,ojaschauhan@example.com
Ritvik Dalal,Incidunt alias,Leader,8926593501,ritvikdalal@example.com
Tejas Upadhyay,Incidunt libero,Leader,6372451250,tejasupadhyay@example.com
Farhansarin,Incidunt libero,Member,NA,farhansarin@example.com
Anyadora,Incidunt libero,Member,NA,anyadora@example.com
Alisha Walia,Inventore,Leader,3749003492,alishawalia@example.com
Madhav Ratta,Inventore,Member,918238157337,madhavratta@example.com
Fateh Date,Inventore aut,Leader,9539537921,fatehdate@example.com
Aliasankar,Inventore aut,Member,NA,aliasankar@example.com
Riya Dayal,Inventore illo,Leader,8428318379,riyadayal@example.com
Tanyaroy,Inventore illo,Member,NA,tanyaroy@example.com
Kabir Buch,Ipsa,Leader,4600534849,kabirbuch@example.com
Armaanchokshi,Ipsa,Member,NA,armaanchokshi@example.com
Lakshit Kala,Ipsa numquam,Leader,4410940172,lakshitkala@example.com
Bijucherian,Ipsa numquam,Member,NA,bijucherian@example.com
Indranil Bhasin,Ipsam enim,Leader,3093665172,indranilbhasin@example.com
Advikabhardwaj,Ipsam enim,Member,NA,advikabhardwaj@example.com
Indranil Kumer,Ipsum ab,Leader,333558103,indranilkumer@example.com
Saira Wali,Iste quisquam,Leader,7963801451,sairawali@example.com
Biju Dutta,Itaque illo,Leader,6764043378,bijudutta@example.com
Emir Grover,Itaque quidem,Leader,4227056161,emirgrover@example.com
Zara Cherian,Iure,Leader,915449369251,zaracherian@example.com
Divijsehgal,Iure,Member,NA,divijsehgal@example.com
Sakshammaster,Iure,Member,NA,sakshammaster@example.com
Keya Chaudhari,Iure dolore,Leader,5874814825,keyachaudhari@example.com
Nitarakumar,Iure dolore,Member,NA,nitarakumar@example.com
Divyansh Deo,Iure eum,Leader,4378398784,divyanshdeo@example.com
Darshit Kota,Iure unde,Leader,3331408017,darshitkota@example.com
Arhaanmaster,Iure unde,Member,NA,arhaanmaster@example.com
Ratichad,Iure unde,Member,NA,ratichad@example.com
Dhruv Lad,Iure vitae,Leader,919186563057,dhruvlad@example.com
Eshani Kunda,Labore aliquid,Leader,8716251234,eshanikunda@example.com
Devansh Yohannan,Labore soluta,Leader,599620618,devanshyohannan@example.com
Taimurgarg,Labore soluta,Member,NA,taimurgarg@example.com
Shamik Manda,Laboriosam,Leader,6265823534,shamikmanda@example.com
Lakshayraju,Laboriosam,Member,NA,lakshayraju@example.com
Advikdar,Laboriosam,Member,NA,advikdar@example.com
Manjari Sur,Laboriosam accusantium,Leader,910309828699,manjarisur@example.com
Indrajit Dada,Laboriosam aspernatur,Leader,3613209580,indrajitdada@example.com
Nehmatbassi,Laboriosam aspernatur,Member,NA,nehmatbassi@example.com
Samihakala,Laboriosam aspernatur,Member,NA,samihakala@example.com
Shray Subramaniam,Laboriosam laboriosam,Leader,1991157894,shraysubramaniam@example.com
Bhamini Loke,Laboriosam laborum,Leader,9208256908,bhaminiloke@example.com
Divyansh Tiwari,Laboriosam vel,Leader,4371152331,divyanshtiwari@example.com
Arhaanraju,Laboriosam vel,Member,NA,arhaanraju@example.com
Nirvaanvohra,Laboriosam vel,Member,NA,nirvaanvohra@example.com
Diya Singh,Laborum,Leader,915622964592,diyasingh@example.com
Dharmajanmahajan,Laborum,Member,NA,dharmajanmahajan@example.com
Pranay Bail,Laborum voluptatum,Leader,2089623100,pranaybail@example.com
Aayushsha,Laborum voluptatum,Member,NA,aayushsha@example.com
Dishani Bakshi,Laudantium a,Leader,4301911647,dishanibakshi@example.com
Raunakvarughese,Laudantium a,Member,NA,raunakvarughese@example.com
Krishkarnik,Laudantium a,Member,NA,krishkarnik@example.com
Umang De,Libero soluta,Leader,2632201661,umangde@example.com
Samarkar,Libero soluta,Member,NA,samarkar@example.com
Sahil Rama,Magnam aut,Leader,4742940547,sahilrama@example.com
Ishaan Iyengar,Magnam id,Leader,917629600419,ishaaniyengar@example.com
Kavyaraval,Magnam id,Member,NA,kavyaraval@example.com
Keya Chanda,Maxime,Leader,913827983751,keyachanda@example.com
Mannat D’Alia,Maxime impedit,Leader,5575483692,mannatdalia@example.com
Aayushsawhney,Maxime impedit,Member,NA,aayushsawhney@example.com
Charvi Bhatti,Maxime laboriosam,Leader,9714008896,charvibhatti@example.com
Aniruddh Chander,Maxime quos,Leader,7924270076,aniruddhchander@example.com
Yuvraj  Bali,Maxime quos,Member,910807677717,yuvrajbali@example.com
Lavanya Kanda,Maxime quos,Member,5532138176,lavanyakanda@example.com
Mishti Gola,Minima nostrum,Leader,5372173703,mishtigola@example.com
Elakshi Karpe,Minus mollitia,Leader,5573995171,elakshikarpe@example.com
Devanshrama,Minus mollitia,Member,NA,devanshrama@example.com
Suhana Talwar,Minus quasi,Leader,917498170808,suhanatalwar@example.com
Farhanbhatti,Minus quasi,Member,NA,farhanbhatti@example.com
Ryansamra,Minus quasi,Member,NA,ryansamra@example.com
Indrajit Madan,Minus quos,Leader,1121200558,indrajitmadan@example.com
Aaina Doctor,Modi,Leader,4333637794,aainadoctor@example.com
Vivaan Sinha,Mollitia,Leader,6813668180,vivaansinha@example.com
Dhanushdayal,Mollitia,Member,NA,dhanushdayal@example.com
Lakshitkumer,Mollitia,Member,NA,lakshitkumer@example.com
Kaira Thaman,Mollitia incidunt,Leader,6061925721,kairathaman@example.com
Mamootymaharaj,Mollitia incidunt,Member,NA,mamootymaharaj@example.com
Taimurkeer,Mollitia incidunt,Member,NA,taimurkeer@example.com
Saanvi Balan,Mollitia officia,Leader,914400580475,saanvibalan@example.com
Zaramaharaj,Mollitia officia,Member,NA,zaramaharaj@example.com
Aarushborah,Mollitia officia,Member,NA,aarushborah@example.com
Purab Tailor,Mollitia unde,Leader,4331718106,purabtailor@example.com
Vedika Sha,Mollitia unde,Member,916880598698,vedikasha@example.com
Hazel Mane,Nam deleniti,Leader,9865906390,hazelmane@example.com
Ayesha Mahal,Nam earum,Leader,911307895716,ayeshamahal@example.com
Prerak Sachdeva,Necessitatibus omnis,Leader,1946988095,preraksachdeva@example.com
Tejaskannan,Necessitatibus omnis,Member,NA,tejaskannan@example.com
Ayeshalad,Necessitatibus omnis,Member,NA,ayeshalad@example.com
Mishti Tandon,Neque tenetur,Leader,918017009016,mishtitandon@example.com
Riaan Dave,Nesciunt,Leader,918530403071,riaandave@example.com
Vivaansathe,Nesciunt,Member,NA,vivaansathe@example.com
Daminilall,Nesciunt,Member,NA,daminilall@example.com
Aarna Kata,Nesciunt alias,Leader,7887641418,aarnakata@example.com
Piyalal,Nesciunt alias,Member,NA,piyalal@example.com
Hazelcherian,Nesciunt alias,Member,NA,hazelcherian@example.com
Siya Sandal,Nesciunt doloribus,Leader,1720337951,siyasandal@example.com
Samarth Sibal,Nesciunt necessitatibus,Leader,1244251576,samarthsibal@example.com
Neelofar Bhavsar,Nihil,Leader,6292098712,neelofarbhavsar@example.com
Shanayaiyengar,Nihil,Member,NA,shanayaiyengar@example.com
Ivana Chandra,Nihil a,Leader,914029365757,ivanachandra@example.com
Daminiravel,Nihil a,Member,NA,daminiravel@example.com
Riya Koshy,Nisi minima,Leader,911197134221,riyakoshy@example.com
Ivan Butala,Non,Leader,20086671,ivanbutala@example.com
Aarushdutta,Non,Member,NA,aarushdutta@example.com
Reyanshlala,Non,Member,NA,reyanshlala@example.com
Purab Divan,Nulla,Leader,7720318939,purabdivan@example.com
Piyavasa,Nulla,Member,NA,piyavasa@example.com
Anaysibal,Nulla,Member,NA,anaysibal@example.com
Urvi Apte,Numquam,Leader,7323415510,urviapte@example.com
Arnavbedi,Numquam,Member,NA,arnavbedi@example.com
Prerak Salvi,Numquam dolor,Leader,919945147871,preraksalvi@example.com
Anvi Jhaveri,Occaecati dolores,Leader,2358125736,anvijhaveri@example.com
Taradey,Occaecati dolores,Member,NA,taradey@example.com
Vritikamanne,Occaecati dolores,Member,NA,vritikamanne@example.com
Farhan Varma,Occaecati rerum,Leader,3430854416,farhanvarma@example.com
Mohanlalbhalla,Occaecati rerum,Member,NA,mohanlalbhalla@example.com
Ehsaan Rau,Odio praesentium,Leader,5247036335,ehsaanrau@example.com
Yashvichakraborty,Odio praesentium,Member,NA,yashvichakraborty@example.com
Shaan Subramaniam,Officiis quaerat,Leader,2860305971,shaansubramaniam@example.com
Dishanibabu,Officiis quaerat,Member,NA,dishanibabu@example.com
Aaryahi Bhargava,Omnis doloremque,Leader,911568575722,aaryahibhargava@example.com
Zaindutta,Omnis doloremque,Member,NA,zaindutta@example.com
Aniruddh Toor,Pariatur explicabo,Leader,5632252563,aniruddhtoor@example.com
Indrajitsaini,Pariatur explicabo,Member,NA,indrajitsaini@example.com
Arnavdeep,Pariatur explicabo,Member,NA,arnavdeep@example.com
Misha Majumdar,Perferendis quia,Leader,910632445985,mishamajumdar@example.com
Kaira Karpe,Placeat eaque,Leader,912883974944,kairakarpe@example.com
Anika Dani,Porro earum,Leader,8389476791,anikadani@example.com
Yuvaanhans,Porro earum,Member,NA,yuvaanhans@example.com
Reyanshbhatti,Porro earum,Member,NA,reyanshbhatti@example.com
Fateh Tandon,Possimus aliquam,Leader,689379580,fatehtandon@example.com
Kimaya Hayer,Possimus enim,Leader,7675223620,kimayahayer@example.com
Tara Sinha,Possimus exercitationem,Leader,4236294009,tarasinha@example.com
Jayeshmall,Possimus exercitationem,Member,NA,jayeshmall@example.com
Jivikamallick,Possimus exercitationem,Member,NA,jivikamallick@example.com
Kanav Tailor,Provident adipisci,Leader,4878116808,kanavtailor@example.com
Neelofarbarman,Provident adipisci,Member,NA,neelofarbarman@example.com
Bhavinwadhwa,Provident adipisci,Member,NA,bhavinwadhwa@example.com
Tarini Comar,Provident sint,Leader,346861169,tarinicomar@example.com
Yakshit Sarna,Quae delectus,Leader,919626300878,yakshitsarna@example.com
Anyabhatnagar,Quae delectus,Member,NA,anyabhatnagar@example.com
Nirvibuch,Quae delectus,Member,NA,nirvibuch@example.com
Jayant Dhillon,Quae exercitationem,Leader,7976527791,jayantdhillon@example.com
Tushar Bava,Quaerat dolores,Leader,1174938675,tusharbava@example.com
Ritvik Walia,Quaerat quos,Leader,917233372529,ritvikwalia@example.com
Drishya Ram,Quam,Leader,916772011569,drishyaram@example.com
Baijutripathi,Quam,Member,NA,baijutripathi@example.com
Farhan Ramesh,Quasi,Leader,9378726098,farhanramesh@example.com
Samarthtella,Quasi,Member,NA,samarthtella@example.com
Rati Cheema,Quasi sit,Leader,919853121398,raticheema@example.com
Zara Sura,Qui nostrum,Leader,9602993648,zarasura@example.com
Uthkarshdeol,Qui nostrum,Member,NA,uthkarshdeol@example.com
Anahi Ahuja,Quia,Leader,5839334973,anahiahuja@example.com
Ryansule,Quia,Member,NA,ryansule@example.com
Zarawali,Quia,Member,NA,zarawali@example.com
Tiya Krishnamurthy,Quia eaque,Leader,8421266071,tiyakrishnamurthy@example.com
Urvi Dayal,Quia laboriosam,Leader,913517465084,urvidayal@example.com
Ishaan Toor,Quibusdam illum,Leader,917870667173,ishaantoor@example.com
Ishita Tandon,Quibusdam perferendis,Leader,919448803839,ishitatandon@example.com
Advikahayre,Quibusdam perferendis,Member,NA,advikahayre@example.com
Irakala,Quibusdam perferendis,Member,NA,irakala@example.com
Krish Master,Quibusdam quibusdam,Leader,915336803329,krishmaster@example.com
Ryan Gera,Quidem,Leader,4729572722,ryangera@example.com
Yuvraj  Apte,Quidem dolore,Leader,7150285555,yuvrajapte@example.com
Ela Chaudry,Quis,Leader,2599283146,elachaudry@example.com
Ranbir Dhawan,Quis quaerat,Leader,9705686670,ranbirdhawan@example.com
Fatehsastry,Quis quaerat,Member,NA,fatehsastry@example.com
Nayantaradave,Quis quaerat,Member,NA,nayantaradave@example.com
Kashvi Kala,Quis voluptate,Leader,7650015512,kashvikala@example.com
Jhanvi Choudhury,Quisquam,Leader,2453845926,jhanvichoudhury@example.com
Amira Desai,Quo,Leader,354371597,amiradesai@example.com
Hunarbhagat,Quo,Member,NA,hunarbhagat@example.com
Uthkarsh Swaminathan,Quo et,Leader,895524744,uthkarshswaminathan@example.com
Jivinsarin,Quo et,Member,NA,jivinsarin@example.com
Hansh Ben,Quod,Leader,918502694149,hanshben@example.com
Veerwadhwa,Quod,Member,NA,veerwadhwa@example.com
Emir Sankaran,Quod facilis,Leader,7142657970,emirsankaran@example.com
Jhanvi Joshi,Ratione sint,Leader,919904006736,jhanvijoshi@example.com
Sara Chaudhary,Recusandae eaque,Leader,919264505465,sarachaudhary@example.com
Miraya Rajan,Recusandae fuga,Leader,910381717236,mirayarajan@example.com
Sahilsood,Recusandae fuga,Member,NA,sahilsood@example.com
Lakshit Gill,Recusandae harum,Leader,4930511529,lakshitgill@example.com
Elakshichaudhry,Recusandae harum,Member,NA,elakshichaudhry@example.com
Gokul Bhalla,Reiciendis hic,Leader,914245666816,gokulbhalla@example.com
Urvi Ben,Rem adipisci,Leader,6364759102,urviben@example.com
Ira Baral,Repellendus at,Leader,916378372357,irabaral@example.com
Reyansh Grewal,Repellendus at,Member,913527441263,reyanshgrewal@example.com
Baiju Chaudhuri,Reprehenderit necessitatibus,Leader,2095962885,baijuchaudhuri@example.com
Paridugal,Reprehenderit necessitatibus,Member,NA,paridugal@example.com
Ishaanaggarwal,Reprehenderit necessitatibus,Member,NA,ishaanaggarwal@example.com
Tarini Karan,Repudiandae,Leader,6449838116,tarinikaran@example.com
Anahichandran,Repudiandae,Member,NA,anahichandran@example.com
Divyanshdugal,Repudiandae,Member,NA,divyanshdugal@example.com
Drishya Sabharwal,Repudiandae perferendis,Leader,2595108434,drishyasabharwal@example.com
Abram Sahota,Rerum,Leader,9478333106,abramsahota@example.com
Fatehkhanna,Rerum,Member,NA,fatehkhanna@example.com
Tushar Chaudhari,Rerum repudiandae,Leader,2752979965,tusharchaudhari@example.com
Rati Subramanian,Saepe esse,Leader,4181398738,ratisubramanian@example.com
Kanav Chacko,Saepe perferendis,Leader,674571534,kanavchacko@example.com
Tanya Das,Saepe praesentium,Leader,3633313752,tanyadas@example.com
Ratisandhu,Saepe praesentium,Member,NA,ratisandhu@example.com
Riaan Sani,Sapiente eius,Leader,4307050694,riaansani@example.com
Jayesh Jani,Sapiente eveniet,Leader,917509276360,jayeshjani@example.com
Dhanush Sethi,Sed,Leader,918173423765,dhanushsethi@example.com
Seher Rajan,Sequi perferendis,Leader,6156709871,seherrajan@example.com
Adah Mangal,Similique,Leader,7261056546,adahmangal@example.com
Alialalla,Similique,Member,NA,alialalla@example.com
Anahita Shetty,Sint consectetur,Leader,8892115993,anahitashetty@example.com
Zaindani,Sint consectetur,Member,NA,zaindani@example.com
Kashvitandon,Sint consectetur,Member,NA,kashvitandon@example.com
Shray Dhillon,Sint earum,Leader,2660588338,shraydhillon@example.com
Biju Dada,Sint eveniet,Leader,3206760019,bijudada@example.com
Anay Anne,Soluta iusto,Leader,3870317061,anayanne@example.com
Inaaya  Bail,Soluta pariatur,Leader,1091292963,inaayabail@example.com
Alishasaraf,Soluta pariatur,Member,NA,alishasaraf@example.com
Shaanbains,Soluta pariatur,Member,NA,shaanbains@example.com
Ishita Mani,Sunt perferendis,Leader,915305823821,ishitamani@example.com
Tushar Chaudhari,Tempora quod,Leader,3123788242,tusharchaudhari@example.com
Reneelanka,Tempora quod,Member,NA,reneelanka@example.com
Indranildass,Tempora quod,Member,NA,indranildass@example.com
Keya Rattan,Tempore,Leader,915127852121,keyarattan@example.com
Shray Jaggi,Temporibus,Leader,918786952043,shrayjaggi@example.com
Hridaanwarrior,Temporibus,Member,NA,hridaanwarrior@example.com
Ahanachaudhari,Temporibus,Member,NA,ahanachaudhari@example.com
Arnav Saraf,Totam quos,Leader,8294195498,arnavsaraf@example.com
Siya Shukla,Ullam,Leader,3283538997,siyashukla@example.com
Sanadhingra,Ullam,Member,NA,sanadhingra@example.com
Ishaan Sidhu,Ullam quaerat,Leader,911020496734,ishaansidhu@example.com
Kiaan Sodhi,Ullam temporibus,Leader,2340102766,kiaansodhi@example.com
Taragaba,Ullam temporibus,Member,NA,taragaba@example.com
Ivana Dhillon,Unde,Leader,8235233523,ivanadhillon@example.com
Riyathakur,Unde,Member,NA,riyathakur@example.com
Divit Majumdar,Unde porro,Leader,913558432334,divitmajumdar@example.com
Mehul Venkataraman,Unde porro,Member,913854164357,mehulvenkataraman@example.com
Bhavin Chaudhari,Unde porro,Member,7326016811,bhavinchaudhari@example.com
Pari Lall,Unde voluptates,Leader,912582322709,parilall@example.com
Elakshi Grewal,Ut,Leader,917011441469,elakshigrewal@example.com
Misha Borde,Vel mollitia,Leader,1777301293,mishaborde@example.com
Zainaratti,Vel mollitia,Member,NA,zainaratti@example.com
Tanya Chawla,Velit quae,Leader,5756579507,tanyachawla@example.com
Vardaniya Upadhyay,Veniam a,Leader,368310383,vardaniyaupadhyay@example.com
Kabirdyal,Veniam a,Member,NA,kabirdyal@example.com
Vedika Borde,Veniam distinctio,Leader,915131535796,vedikaborde@example.com
Kiara Tata,Vero nobis,Leader,2706296979,kiaratata@example.com
Sumer Mann,Vitae iusto,Leader,7909575248,sumermann@example.com
Diya Sibal,Volestiae,Leader,7419836132,diyasibal@example.com
Advikadyal,Volestiae,Member,NA,advikadyal@example.com
Ela Ghose,Volestias,Leader,910602419024,elaghose@example.com
Indrajit Sridhar,Volestias ad,Leader,911632816343,indrajitsridhar@example.com
Jayan Balakrishnan,Volestias qui,Leader,946098500,jayanbalakrishnan@example.com
Tiyakannan,Volestias qui,Member,NA,tiyakannan@example.com
Advika Majumdar,Volestias unde,Leader,3541659987,advikamajumdar@example.com
Priyanshbarman,Volestias unde,Member,NA,priyanshbarman@example.com
Manikyawagle,Volestias unde,Member,NA,manikyawagle@example.com
Ehsaan Andra,Voluptas soluta,Leader,910976709890,ehsaanandra@example.com
Emirsarraf,Voluptas soluta,Member,NA,emirsarraf@example.com
Aarush Rana,Voluptate explicabo,Leader,919175168327,aarushrana@example.com
Zara Warrior,Voluptatem,Leader,917964677891,zarawarrior@example.com
Armaanbahri,Voluptatem,Member,NA,armaanbahri@example.com
Mishtimann,Voluptatem,Member,NA,mishtimann@example.com
Neelofar Dugar,Voluptatem illum,Leader,9058597207,neelofardugar@example.com
Urvideshpande,Voluptatem illum,Member,NA,urvideshpande@example.com
Anya Mane,Voluptates error,Leader,3649241486,anyamane@example.com
Kabir Chada,Voluptatibus,Leader,910873216500,kabirchada@example.com
Yuvrajdara,Voluptatibus,Member,NA,yuvrajdara@example.com
